,weight,prod_distance,time_delivery,target
0,82.0,1467.0,5.0,798952.4702069425
1,28.0,2043.0,9.0,576947.9627244101
2,73.0,2416.0,7.0,720237.0123281042
3,55.0,2488.0,8.0,677671.7724644243
4,37.0,1335.0,3.0,675912.2653672725
5,73.0,2936.0,4.0,823915.7308572765
6,37.0,2231.0,4.0,604837.0740008645

